{"name":"e935ce72-4499-4689-9b98-eb903825e906","id":"/providers/Microsoft.Flow/flows/e935ce72-4499-4689-9b98-eb903825e906","type":"Microsoft.Flow/flows","properties":{"apiId":"/providers/Microsoft.PowerApps/apis/shared_logicflows","displayName":"SharePoint Premium Document Translation","definition":{"metadata":{"workflowEntityId":null,"processAdvisorMetadata":null,"flowChargedByPaygo":null,"flowclientsuspensionreason":"None","flowclientsuspensiontime":null,"flowclientsuspensionreasondetails":null,"creator":{"id":"2b4655d6-3a8a-44be-862a-031bf8a2ea4f","type":"User","tenantId":"da54b2f7-84a8-497c-8ae0-90a3afa5d1d9"},"provisioningMethod":"FromDefinition","failureAlertSubscription":true,"clientLastModifiedTime":"2024-02-20T14:20:41.9202137Z","connectionKeySavedTimeKey":"2024-02-20T14:20:41.9202137Z"},"$schema":"https://schema.management.azure.com/providers/Microsoft.Logic/schemas/2016-06-01/workflowdefinition.json#","contentVersion":"undefined","parameters":{"$authentication":{"defaultValue":{},"type":"SecureObject"},"$connections":{"defaultValue":{},"type":"Object"}},"triggers":{"manual":{"type":"Request","kind":"Button","inputs":{"schema":{"type":"object","properties":{"number":{"description":"Enter the SP document library item ID of the Document to Process","title":"ID","type":"number","x-ms-content-hint":"NUMBER","x-ms-dynamically-added":true},"text":{"description":"Enter Language short code or short codes to translate doc into, enter multiple seperated by comma","title":"Language Short Code(s)","type":"string","x-ms-content-hint":"TEXT","x-ms-dynamically-added":true}},"required":["number","text"]}}}},"actions":{"Send_an_HTTP_request_to_SharePoint_-_Get_Item":{"runAfter":{"Initialize_variable_var_Listname":["Succeeded"]},"type":"OpenApiConnection","inputs":{"parameters":{"dataset":"@variables('var_SiteUrl')","parameters/method":"GET","parameters/uri":"/_api/web/lists/GetByTitle('@{variables('var_Listname')}')/items(@{triggerBody()?['number']})?$select=FileRef,UniqueId"},"host":{"apiId":"/providers/Microsoft.PowerApps/apis/shared_sharepointonline","connectionName":"shared_sharepointonline","operationId":"HttpRequest"},"authentication":{"value":"@json(decodeBase64(triggerOutputs().headers['X-MS-APIM-Tokens']))['$ConnectionKey']","type":"Raw"}}},"Send_an_HTTP_request_to_SharePoint_-_Translate_Document":{"runAfter":{"Send_an_HTTP_request_to_SharePoint_-_Get_Site_ID_and_Web_ID":["Succeeded"]},"type":"OpenApiConnection","inputs":{"parameters":{"dataset":"@variables('var_SiteUrl')","parameters/method":"POST","parameters/uri":"_api/machinelearning/workItems","parameters/headers":{"content-type":"application/json;odata=verbose"},"parameters/body":"{\n    \"__metadata\": {\"type\": \"Microsoft.Office.Server.ContentCenter.SPMachineLearningWorkItemEntityData\"},\n    \"ExtraPropertyList\": \"SourceLanguage=|TargetLanguages=@{triggerBody()?['text']}|StorageType=File\",  \n    \"IsFolder\": false,\n    \"ProfileName\": \"DocumentTranslation\",      \n    \"TargetSiteId\": \"@{body('Send_an_HTTP_request_to_SharePoint_-_Get_Site_ID_and_Web_ID')?['sharepointIds']?['siteId']\n}\",\n    \"TargetWebId\": \"@{body('Send_an_HTTP_request_to_SharePoint_-_Get_Site_ID_and_Web_ID')?['sharepointIds']?['webId']}\",\n    \"TargetUniqueId\": \"@{body('Send_an_HTTP_request_to_SharePoint_-_Get_Item')?['d']?['UniqueId']}\"\n}"},"host":{"apiId":"/providers/Microsoft.PowerApps/apis/shared_sharepointonline","connectionName":"shared_sharepointonline","operationId":"HttpRequest"},"authentication":{"value":"@json(decodeBase64(triggerOutputs().headers['X-MS-APIM-Tokens']))['$ConnectionKey']","type":"Raw"}}},"Send_an_HTTP_request_to_SharePoint_-_Get_Site_ID_and_Web_ID":{"runAfter":{"Send_an_HTTP_request_to_SharePoint_-_Get_Item":["Succeeded"]},"type":"OpenApiConnection","inputs":{"parameters":{"dataset":"@variables('var_SiteUrl')","parameters/method":"GET","parameters/uri":"_api/v2.1/sites/@{variables('var_TenantUrl')}?$select=sharepointids"},"host":{"apiId":"/providers/Microsoft.PowerApps/apis/shared_sharepointonline","connectionName":"shared_sharepointonline","operationId":"HttpRequest"},"authentication":{"value":"@json(decodeBase64(triggerOutputs().headers['X-MS-APIM-Tokens']))['$ConnectionKey']","type":"Raw"}}},"Initialize_variable_var_SiteUrl":{"runAfter":{"Initialize_variable_TenantUrl":["Succeeded"]},"type":"InitializeVariable","inputs":{"variables":[{"name":"var_SiteUrl","type":"string","value":"https://leonarmstonmvp.sharepoint.com/sites/Syntex"}]}},"Initialize_variable_var_Listname":{"runAfter":{"Initialize_variable_var_SiteUrl":["Succeeded"]},"type":"InitializeVariable","inputs":{"variables":[{"name":"var_Listname","type":"string","value":"Translation"}]}},"Initialize_variable_TenantUrl":{"runAfter":{},"type":"InitializeVariable","inputs":{"variables":[{"name":"var_TenantUrl","type":"string","value":"leonarmstonmvp.sharepoint.com"}]}}}},"connectionReferences":{"shared_sharepointonline":{"connectionName":"shared-sharepointonl-e3ef85a4-d1f6-4cb1-b0f2-50f68d2ebfae","source":"Invoker","id":"/providers/Microsoft.PowerApps/apis/shared_sharepointonline","tier":"NotSpecified"}},"flowFailureAlertSubscribed":false,"isManaged":false}}